<annotation>
	<folder>thumbsup</folder>
	<filename>thumbsup.a3504f12-9cf9-11eb-9968-dc8b28585c09.jpg</filename>
	<path>C:\Users\Chiara\TFODCourse\Tensorflow\workspace\images\collectedimages\thumbsup\thumbsup.a3504f12-9cf9-11eb-9968-dc8b28585c09.jpg</path>
	<source>
		<database>Unknown</database>
	</source>
	<size>
		<width>640</width>
		<height>480</height>
		<depth>3</depth>
	</size>
	<segmented>0</segmented>
	<object>
		<name>ThumbUp</name>
		<pose>Unspecified</pose>
		<truncated>1</truncated>
		<difficult>0</difficult>
		<bndbox>
			<xmin>286</xmin>
			<ymin>96</ymin>
			<xmax>542</xmax>
			<ymax>480</ymax>
		</bndbox>
	</object>
</annotation>
