<annotation>
	<folder>thumbsup</folder>
	<filename>thumbsup.ac55fe28-9cf9-11eb-993f-dc8b28585c09.jpg</filename>
	<path>C:\Users\Chiara\TFODCourse\Tensorflow\workspace\images\collectedimages\thumbsup\thumbsup.ac55fe28-9cf9-11eb-993f-dc8b28585c09.jpg</path>
	<source>
		<database>Unknown</database>
	</source>
	<size>
		<width>640</width>
		<height>480</height>
		<depth>3</depth>
	</size>
	<segmented>0</segmented>
	<object>
		<name>ThumbUp</name>
		<pose>Unspecified</pose>
		<truncated>0</truncated>
		<difficult>0</difficult>
		<bndbox>
			<xmin>207</xmin>
			<ymin>4</ymin>
			<xmax>478</xmax>
			<ymax>409</ymax>
		</bndbox>
	</object>
</annotation>
