<annotation>
	<folder>thumbsup</folder>
	<filename>thumbsup.e4124ed4-a34b-11eb-94ae-dc8b28585c09.jpg</filename>
	<path>C:\Users\Chiara\TFODCourse\Tensorflow\workspace\images\collectedimages\thumbsup\thumbsup.e4124ed4-a34b-11eb-94ae-dc8b28585c09.jpg</path>
	<source>
		<database>Unknown</database>
	</source>
	<size>
		<width>640</width>
		<height>480</height>
		<depth>3</depth>
	</size>
	<segmented>0</segmented>
	<object>
		<name>ThumbUp</name>
		<pose>Unspecified</pose>
		<truncated>1</truncated>
		<difficult>0</difficult>
		<bndbox>
			<xmin>133</xmin>
			<ymin>212</ymin>
			<xmax>317</xmax>
			<ymax>480</ymax>
		</bndbox>
	</object>
</annotation>
