<annotation>
	<folder>thumbsup</folder>
	<filename>thumbsup.a954d4b0-9cf9-11eb-97b9-dc8b28585c09.jpg</filename>
	<path>C:\Users\Chiara\TFODCourse\Tensorflow\workspace\images\collectedimages\thumbsup\thumbsup.a954d4b0-9cf9-11eb-97b9-dc8b28585c09.jpg</path>
	<source>
		<database>Unknown</database>
	</source>
	<size>
		<width>640</width>
		<height>480</height>
		<depth>3</depth>
	</size>
	<segmented>0</segmented>
	<object>
		<name>ThumbUp</name>
		<pose>Unspecified</pose>
		<truncated>0</truncated>
		<difficult>0</difficult>
		<bndbox>
			<xmin>273</xmin>
			<ymin>79</ymin>
			<xmax>608</xmax>
			<ymax>475</ymax>
		</bndbox>
	</object>
</annotation>
