<annotation>
	<folder>thumbsup</folder>
	<filename>thumbsup.a654e424-9cf9-11eb-9768-dc8b28585c09.jpg</filename>
	<path>C:\Users\Chiara\TFODCourse\Tensorflow\workspace\images\collectedimages\thumbsup\thumbsup.a654e424-9cf9-11eb-9768-dc8b28585c09.jpg</path>
	<source>
		<database>Unknown</database>
	</source>
	<size>
		<width>640</width>
		<height>480</height>
		<depth>3</depth>
	</size>
	<segmented>0</segmented>
	<object>
		<name>ThumbUp</name>
		<pose>Unspecified</pose>
		<truncated>0</truncated>
		<difficult>0</difficult>
		<bndbox>
			<xmin>172</xmin>
			<ymin>54</ymin>
			<xmax>396</xmax>
			<ymax>462</ymax>
		</bndbox>
	</object>
</annotation>
