<annotation>
	<folder>thumbsup</folder>
	<filename>thumbsup.af559da4-9cf9-11eb-a91e-dc8b28585c09.jpg</filename>
	<path>C:\Users\Chiara\TFODCourse\Tensorflow\workspace\images\collectedimages\thumbsup\thumbsup.af559da4-9cf9-11eb-a91e-dc8b28585c09.jpg</path>
	<source>
		<database>Unknown</database>
	</source>
	<size>
		<width>640</width>
		<height>480</height>
		<depth>3</depth>
	</size>
	<segmented>0</segmented>
	<object>
		<name>ThumbUp</name>
		<pose>Unspecified</pose>
		<truncated>0</truncated>
		<difficult>0</difficult>
		<bndbox>
			<xmin>325</xmin>
			<ymin>48</ymin>
			<xmax>475</xmax>
			<ymax>382</ymax>
		</bndbox>
	</object>
</annotation>
