<annotation>
	<folder>rock</folder>
	<filename>rock.282cb85b-a34c-11eb-ad88-dc8b28585c09.jpg</filename>
	<path>C:\Users\Chiara\TFODCourse\Tensorflow\workspace\images\collectedimages\rock\rock.282cb85b-a34c-11eb-ad88-dc8b28585c09.jpg</path>
	<source>
		<database>Unknown</database>
	</source>
	<size>
		<width>640</width>
		<height>480</height>
		<depth>3</depth>
	</size>
	<segmented>0</segmented>
	<object>
		<name>Rock</name>
		<pose>Unspecified</pose>
		<truncated>1</truncated>
		<difficult>0</difficult>
		<bndbox>
			<xmin>438</xmin>
			<ymin>55</ymin>
			<xmax>640</xmax>
			<ymax>321</ymax>
		</bndbox>
	</object>
</annotation>
