<annotation>
	<folder>rock</folder>
	<filename>rock.e7eeef34-9cf9-11eb-a581-dc8b28585c09.jpg</filename>
	<path>C:\Users\Chiara\TFODCourse\Tensorflow\workspace\images\collectedimages\rock\rock.e7eeef34-9cf9-11eb-a581-dc8b28585c09.jpg</path>
	<source>
		<database>Unknown</database>
	</source>
	<size>
		<width>640</width>
		<height>480</height>
		<depth>3</depth>
	</size>
	<segmented>0</segmented>
	<object>
		<name>Rock</name>
		<pose>Unspecified</pose>
		<truncated>0</truncated>
		<difficult>0</difficult>
		<bndbox>
			<xmin>186</xmin>
			<ymin>64</ymin>
			<xmax>419</xmax>
			<ymax>339</ymax>
		</bndbox>
	</object>
</annotation>
