<annotation>
	<folder>rock</folder>
	<filename>rock.e4ed012c-9cf9-11eb-987a-dc8b28585c09.jpg</filename>
	<path>C:\Users\Chiara\TFODCourse\Tensorflow\workspace\images\collectedimages\rock\rock.e4ed012c-9cf9-11eb-987a-dc8b28585c09.jpg</path>
	<source>
		<database>Unknown</database>
	</source>
	<size>
		<width>640</width>
		<height>480</height>
		<depth>3</depth>
	</size>
	<segmented>0</segmented>
	<object>
		<name>Rock</name>
		<pose>Unspecified</pose>
		<truncated>0</truncated>
		<difficult>0</difficult>
		<bndbox>
			<xmin>168</xmin>
			<ymin>18</ymin>
			<xmax>525</xmax>
			<ymax>374</ymax>
		</bndbox>
	</object>
</annotation>
