<annotation>
	<folder>rock</folder>
	<filename>rock.2528c5dd-a34c-11eb-a80e-dc8b28585c09.jpg</filename>
	<path>C:\Users\Chiara\TFODCourse\Tensorflow\workspace\images\collectedimages\rock\rock.2528c5dd-a34c-11eb-a80e-dc8b28585c09.jpg</path>
	<source>
		<database>Unknown</database>
	</source>
	<size>
		<width>640</width>
		<height>480</height>
		<depth>3</depth>
	</size>
	<segmented>0</segmented>
	<object>
		<name>Rock</name>
		<pose>Unspecified</pose>
		<truncated>0</truncated>
		<difficult>0</difficult>
		<bndbox>
			<xmin>322</xmin>
			<ymin>78</ymin>
			<xmax>531</xmax>
			<ymax>295</ymax>
		</bndbox>
	</object>
</annotation>
