<annotation>
	<folder>rock</folder>
	<filename>rock.e1e9cfbe-9cf9-11eb-a6a8-dc8b28585c09.jpg</filename>
	<path>C:\Users\Chiara\TFODCourse\Tensorflow\workspace\images\collectedimages\rock\rock.e1e9cfbe-9cf9-11eb-a6a8-dc8b28585c09.jpg</path>
	<source>
		<database>Unknown</database>
	</source>
	<size>
		<width>640</width>
		<height>480</height>
		<depth>3</depth>
	</size>
	<segmented>0</segmented>
	<object>
		<name>Rock</name>
		<pose>Unspecified</pose>
		<truncated>0</truncated>
		<difficult>0</difficult>
		<bndbox>
			<xmin>132</xmin>
			<ymin>81</ymin>
			<xmax>611</xmax>
			<ymax>381</ymax>
		</bndbox>
	</object>
</annotation>
