<annotation>
	<folder>rock</folder>
	<filename>rock.dee83e4c-9cf9-11eb-97fc-dc8b28585c09.jpg</filename>
	<path>C:\Users\Chiara\TFODCourse\Tensorflow\workspace\images\collectedimages\rock\rock.dee83e4c-9cf9-11eb-97fc-dc8b28585c09.jpg</path>
	<source>
		<database>Unknown</database>
	</source>
	<size>
		<width>640</width>
		<height>480</height>
		<depth>3</depth>
	</size>
	<segmented>0</segmented>
	<object>
		<name>Rock</name>
		<pose>Unspecified</pose>
		<truncated>0</truncated>
		<difficult>0</difficult>
		<bndbox>
			<xmin>133</xmin>
			<ymin>74</ymin>
			<xmax>482</xmax>
			<ymax>404</ymax>
		</bndbox>
	</object>
</annotation>
