<annotation>
	<folder>open</folder>
	<filename>open.d1e58fe6-9cf9-11eb-89ae-dc8b28585c09.jpg</filename>
	<path>C:\Users\Chiara\TFODCourse\Tensorflow\workspace\images\collectedimages\open\open.d1e58fe6-9cf9-11eb-89ae-dc8b28585c09.jpg</path>
	<source>
		<database>Unknown</database>
	</source>
	<size>
		<width>640</width>
		<height>480</height>
		<depth>3</depth>
	</size>
	<segmented>0</segmented>
	<object>
		<name>Open</name>
		<pose>Unspecified</pose>
		<truncated>0</truncated>
		<difficult>0</difficult>
		<bndbox>
			<xmin>185</xmin>
			<ymin>35</ymin>
			<xmax>537</xmax>
			<ymax>313</ymax>
		</bndbox>
	</object>
</annotation>
