<annotation>
	<folder>open</folder>
	<filename>open.cbe0cf54-9cf9-11eb-ba86-dc8b28585c09.jpg</filename>
	<path>C:\Users\Chiara\TFODCourse\Tensorflow\workspace\images\collectedimages\open\open.cbe0cf54-9cf9-11eb-ba86-dc8b28585c09.jpg</path>
	<source>
		<database>Unknown</database>
	</source>
	<size>
		<width>640</width>
		<height>480</height>
		<depth>3</depth>
	</size>
	<segmented>0</segmented>
	<object>
		<name>Open</name>
		<pose>Unspecified</pose>
		<truncated>0</truncated>
		<difficult>0</difficult>
		<bndbox>
			<xmin>106</xmin>
			<ymin>41</ymin>
			<xmax>510</xmax>
			<ymax>399</ymax>
		</bndbox>
	</object>
</annotation>
