<annotation>
	<folder>open</folder>
	<filename>open.c8df065c-9cf9-11eb-ae7c-dc8b28585c09.jpg</filename>
	<path>C:\Users\Chiara\TFODCourse\Tensorflow\workspace\images\collectedimages\open\open.c8df065c-9cf9-11eb-ae7c-dc8b28585c09.jpg</path>
	<source>
		<database>Unknown</database>
	</source>
	<size>
		<width>640</width>
		<height>480</height>
		<depth>3</depth>
	</size>
	<segmented>0</segmented>
	<object>
		<name>Open</name>
		<pose>Unspecified</pose>
		<truncated>0</truncated>
		<difficult>0</difficult>
		<bndbox>
			<xmin>44</xmin>
			<ymin>3</ymin>
			<xmax>609</xmax>
			<ymax>391</ymax>
		</bndbox>
	</object>
</annotation>
