<annotation>
	<folder>open</folder>
	<filename>open.0c5eb145-a34c-11eb-8853-dc8b28585c09.jpg</filename>
	<path>C:\Users\Chiara\TFODCourse\Tensorflow\workspace\images\collectedimages\open\open.0c5eb145-a34c-11eb-8853-dc8b28585c09.jpg</path>
	<source>
		<database>Unknown</database>
	</source>
	<size>
		<width>640</width>
		<height>480</height>
		<depth>3</depth>
	</size>
	<segmented>0</segmented>
	<object>
		<name>Open</name>
		<pose>Unspecified</pose>
		<truncated>0</truncated>
		<difficult>0</difficult>
		<bndbox>
			<xmin>155</xmin>
			<ymin>209</ymin>
			<xmax>434</xmax>
			<ymax>466</ymax>
		</bndbox>
	</object>
</annotation>
