<annotation>
	<folder>open</folder>
	<filename>open.d4e7e164-9cf9-11eb-a322-dc8b28585c09.jpg</filename>
	<path>C:\Users\Chiara\TFODCourse\Tensorflow\workspace\images\collectedimages\open\open.d4e7e164-9cf9-11eb-a322-dc8b28585c09.jpg</path>
	<source>
		<database>Unknown</database>
	</source>
	<size>
		<width>640</width>
		<height>480</height>
		<depth>3</depth>
	</size>
	<segmented>0</segmented>
	<object>
		<name>Open</name>
		<pose>Unspecified</pose>
		<truncated>1</truncated>
		<difficult>0</difficult>
		<bndbox>
			<xmin>237</xmin>
			<ymin>172</ymin>
			<xmax>529</xmax>
			<ymax>480</ymax>
		</bndbox>
	</object>
</annotation>
