<annotation>
	<folder>thumbsdown</folder>
	<filename>thumbsdown.bf142e58-9cf9-11eb-997a-dc8b28585c09.jpg</filename>
	<path>C:\Users\Chiara\TFODCourse\Tensorflow\workspace\images\collectedimages\thumbsdown\thumbsdown.bf142e58-9cf9-11eb-997a-dc8b28585c09.jpg</path>
	<source>
		<database>Unknown</database>
	</source>
	<size>
		<width>640</width>
		<height>480</height>
		<depth>3</depth>
	</size>
	<segmented>0</segmented>
	<object>
		<name>ThumbDown</name>
		<pose>Unspecified</pose>
		<truncated>0</truncated>
		<difficult>0</difficult>
		<bndbox>
			<xmin>314</xmin>
			<ymin>104</ymin>
			<xmax>542</xmax>
			<ymax>387</ymax>
		</bndbox>
	</object>
</annotation>
