<annotation>
	<folder>thumbsdown</folder>
	<filename>thumbsdown.02d877a0-a34c-11eb-a760-dc8b28585c09.jpg</filename>
	<path>C:\Users\Chiara\TFODCourse\Tensorflow\workspace\images\collectedimages\thumbsdown\thumbsdown.02d877a0-a34c-11eb-a760-dc8b28585c09.jpg</path>
	<source>
		<database>Unknown</database>
	</source>
	<size>
		<width>640</width>
		<height>480</height>
		<depth>3</depth>
	</size>
	<segmented>0</segmented>
	<object>
		<name>ThumbDown</name>
		<pose>Unspecified</pose>
		<truncated>0</truncated>
		<difficult>0</difficult>
		<bndbox>
			<xmin>301</xmin>
			<ymin>100</ymin>
			<xmax>412</xmax>
			<ymax>366</ymax>
		</bndbox>
	</object>
</annotation>
